CampaignId,SimulationId,Cutoff,CTR,MSE,Calibration,NE,RIG,TPR,FPR,FNR,PPR,ROC
837817,0,0.02557,0.003438,0.006659,1.0,0.6874,0.3126,0.03162,0.003341,0.9684,0.03162,9.464
837817,0,0.02061,0.006876,0.009916,2.0,1.25,-0.2496,0.05786,0.0067,0.9421,0.02893,8.635
837817,0,0.01391,0.01719,0.01985,5.0,3.089,-2.089,0.113,0.01686,0.887,0.0226,6.704
837817,0,0.0106,0.03438,0.03662,10.0,6.399,-5.399,0.1744,0.0339,0.8256,0.01744,5.146
837817,0,0.008232,0.06876,0.07035,20.0,13.41,-12.41,0.2681,0.06807,0.7319,0.0134,3.938
837817,0,0.005546,0.1719,0.1722,50.0,35.93,-34.93,0.45,0.1709,0.55,0.009,2.633
837817,0,0.003579,0.3438,0.3428,100.0,76.57,-75.57,0.642,0.3428,0.358,0.00642,1.873
837817,0,0.001754,0.6876,0.685,200.0,166.1,-165.1,0.8809,0.6869,0.1191,0.004405,1.282
